DOB,Date of Scan,Age @ Enrollment(y),Sex,Height (cm),Weight (kg),BMI,Time of Day Scanned,Etiology,Date of Initial Shunt Placement,Months btwn shunt placement and PC shunt,Outpatient(OP)/Inpatient(IP),PC Shunt Flow Velocity (cm/s),PC Flow Rate (mL/hr),FOHR
7/3/05,1/9/23,18,M,169.5,40.4,14.00965764,2:23 PM,X-linked hydrocephalus,7/17/05,209,IP,0.012,0.573403491,0.445469471
11/28/03,1/11/23,19,M,166,67.1,24.26006199,9:01 AM,Hydrocephalus associated w/ IVH of prematurity,10/21/04,218,OP,0.187,8.935537737,0.505849966
12/31/11,1/11/23,11,M,156,55.6,22.76203868,10:00 AM,Multiloculated intracranial cystic malformation,3/20/12,129,OP,0.015,0.716754364,0.430208938
1/22/19,1/19/23,4,M,106,15.9,14.09843661,9:59 AM,Dandy-Walker malformation/variant,4/1/19,45,OP,0.31,14.81292352,0.354564756
6/4/20,1/20/23,3,F,90.5,11.1,13.50241284,7:12 PM,C7-T1 myelocystocele,6/9/20,31,IP,0.24,11,0.308785942
6/3/02,1/20/23,21,F,152.1,60.9,26.226747,10:35 PM,"ONTD, syrinx",6/11/03,235,IP,0.02,1,0.376271186
10/1/11,1/24/23,11,M,120,17.5,12.10768514,10:33 AM,Aqueductal stenosis,10/3/11,135,OP,0.22,10.51239734,0.402083333
9/19/12,1/24/23,10,M,142.5,32.1,15.74928586,11:04 AM,IVH,11/1/12,122,OP,0.202,9.652292101,0.387019231
12/5/07,1/25/23,15,F,127.5,30.5,18.69239854,11:43 AM,Choroid plexus hypertropy & CSF overproduction,7/26/01,257,OP,0.01,0.477836243,0.487379362
10/26/01,1/31/23,21,M,180.34,115.3,35.32081685,11:18 PM,Craniopharyngioma,9/11/18,52,IP,0.02,0.955672485,0.363196126
12/31/99,2/7/23,23,F,139,77.9,40.16922191,11:23 AM,Hydrocephalus associated w/ post-infectious etiology,12/31/00,265,OP,0.02,1,0.31622807
3/14/13,2/10/23,10,F,136,32.7,17.61389885,8:20 AM,Spontaneous intraventricular hemorrhage,3/22/22,10,OP,0.33,16,0.339401294
5/22/17,2/10/23,6,M,105,19.3,17.44071451,10:33 PM,IVH of prematurity,7/25/17,66,OP,0.00,0,0.770581114
8/3/09,2/14/23,14,F,153,67,28.51527099,10:30 AM,IVH of prematurity,9/28/09,160,OP,0.10,5,0.319067797
1/23/18,2/15/23,5,F,111,18,14.55499665,11:14 AM,Encephalocele,1/27/18,60,OP,0.013,0.621187115,0.62985782
6/27/14,2/16/23,9,M,125.5,30,18.97664203,9:43 AM,IVH,7/14/14,103,OP,0.23,11,0.392857143
10/16/01,2/22/23,21,M,158,56.7,22.62843127,8:44 AM,IVH,10/16/01,256,OP,0.01,1,0.364203455
4/24/22,2/22/23,1,M,76,11.48,19.80159919,11:53 AM,Aqueductal stenosis,5/5/22,9,OP,0.04,1.91134497,0.376495726
4/1/14,2/23/23,9,M,137.5,23.1,12.1728465,8:10 AM,Dandy-Walker malformation & IVH,4/8/14,106,OP,0.34,16,0.424424973
7/29/02,3/1/23,21,M,166,83,30.0087205,9:30 AM,IVH,8/14/02,246,OP,0.13,6,0.333264786
4/2/07,3/2/23,16,M,168.6,64.6,22.64138239,10:26 AM,Repaired thoracolumbar myelomeningocele,4/11/07,190,OP,0.18,8,0.41812
9/3/20,3/9/23,3,F,91,12.1,14.55754522,10:34 AM,IVH,10/16/20,28,OP,0.23,11,0.309217391
2/4/19,3/21/23,4,M,88,13.5,17.368167,10:47 AM,Hydrocephalus associated w/ ONTD,2/11/19,49,OP,0.01,1,0.338283828
11/8/19,3/21/23,3,M,94,13.8,15.55997667,11:55 AM,Staph ventriculitis,3/9/20,36,OP,0.07,4,0.446055556
9/13/12,4/11/23,11,F,146,28.8,13.46084546,10:23 AM,Hydrocephalus associated w/ IVH,2/6/13,122,OP,0.20,10,0.287772277
2/26/10,4/18/23,13,M,166,51.1,18.4752484,10:52 AM,NTD,5/19/10,154,OP,0.06,3,0.358343057
4/9/15,4/18/23,8,F,129,30.3,18.14047982,8:36 AM,"Macrocephaly, Hydrocephalus associated w/ aqueductal stenosis",4/30/15,95,OP,0.21,10,0.325585229
5/23/02,4/25/23,21,M,110,41.2,33.92324648,11:28 AM,"Intractable Lennox-Gastaut syndrome, Global brain malformation, Hydrocephalus; Dandy walker",6/23/02,250,OP,0.26,13,0.349427481
11/12/08,5/9/23,14,F,172,100.5,33.8450165,10:53 AM,Arachnoid Cyst,7/6/22,10,OP,0.04,2,0.327605191
9/9/01,5/11/23,22,F,153,85.5,36.3888906,3:25 PM,NTD (MMC),9/9/01,260,OP,0.23,11,0.348095624
6/9/06,5/12/23,17,M,130,42.6,25.11357016,6:10 PM,ONTD,6/16/06,202,IP,0.24,11,0.382103004
7/6/19,6/3/23,4,M,99,17.8,18.09402455,10:42 AM,IVH,7/29/19,46,OP,0.18,9,0.335245474
2/3/05,6/4/23,18,M,164,77.4,28.67073501,9:44 AM,ONTD,2/17/05,219,OP,0.04,2,0.37644
4/11/17,6/4/23,6,F,104,19.5,17.96195049,2:27 PM,IVH,4/24/17,73,OP,0.04,2,0.411290323
6/16/18,6/12/23,5,M,105,21,18.97694325,9:39 AM,Pseudomeningocele,2/9/23,4,OP,0.19,9,0.31124031
3/12/14,6/13/23,9,F,139,33.2,17.11961704,10:01 AM,IVH,5/12/14,109,OP,0.17,8,0.403448276
1/23/09,6/20/23,14,M,150,40,17.7118137,9:15 AM,IVH,2/23/09,171,OP,0.11,5,0.383913765
6/8/00,6/20/23,23,M,154,37.8,15.87946697,8:58 AM,IVH,9/8/00,273,OP,0.08,4,0.407981221
4/4/18,6/26/23,5,F,96,12.8,13.83735445,2:24 PM,Dandy Walker syndrome,6/4/18,60,OP,0.19,9,0.361979167
8/23/11,6/26/23,12,M,149.5,54.7,24.3831889,11:58 AM,Aqueductal stenosis,5/24/13,121,IP,0.124,5.925169408,0.253030303
7/6/12,6/26/23,11,M,129,37.5,22.45108889,8:20 AM,Chiari II ONTD,7/16/12,131,OP,0.08,4,0.3525
12/29/09,6/27/23,13,M,166,49.6,17.93292213,11:12 AM,Complex thoracic CNTD,6/17/10,156,OP,0.06,3,0.374131274
8/26/10,6/27/23,13,M,152.5,39.8,17.05017916,10:16 AM,IVH,12/5/16,78,OP,0.04,2,0.394965278
6/15/23,7/1/23,0,F,80,11.8,18.36908803,4:00 PM,Pilocytic astrocytoma WHO grade I,4/6/22,14,IP,0.01,0.477836243,0.338419405
8/25/09,7/3/23,14,F,134,48.5,26.91024824,11:09 AM,TBI s/p hemicraniectomy,7/2016,84,OP,0.01,0,0.417944094
8/22/98,7/8/23,25,M,160.5,76.4,29.5480515,2:34 PM,Chiari malformation w/ syrinx,3/6/13,124,OP,0.18,9,0.341756421
2/2/12,7/10/23,11,M,135.5,43,23.33326038,1:30 PM,NA,2/2/13,125,OP,0.07,3,0.324888227
4/25/08,7/11/23,15,F,147.5,52.5,24.04145927,10:03 AM,IVH of prematurity,6/9/08,181,OP,0.11,5,0.306177261
12/15/03,7/11/23,20,M,178,63.9,20.09307548,9:16 AM,ONTD,12/22/03,234,OP,0.09,4,0.331365314
7/29/02,3/22/22,20,M,166,76.3,27.58632981,9:30 AM,IVH,8/14/02,235,OP,0.13,6,0.333264786
1/12/20,3/3/22,2,M,82,10.1,14.96508649,9:45 AM,IVH,2/29/20,24,OP,0.25,12,0.317594255
10/3/20,11/11/21,1,F,78.5,11.4,18.4310934,10:19 AM,Schizencephaly,10/22/20,12,OP,0.31,15,0.394179894
8/5/20,11/3/21,1,F,76,9.8,16.90380419,8:41 AM,Unknown,10/21/20,12,OP,0.25,12,0.387305699
7/1/20,2/9/22,2,M,85,10.5,14.47894805,9:07 AM,ATRT,2/9/21,12,OP,0.17,8,0.398858075
4/24/20,2/7/22,2,F,95,12.9,14.24059259,5:36 PM,Toxoplasmosis,11/10/20,14,OP,0.29,14,0.467659574
2/7/19,12/7/21,3,F,89,13.3,16.72850729,10:21 AM,Arachnoid Cyst,8/20/19,27,OP,0.25,12,0.327893175
2/28/19,2/15/22,3,F,91,13.7,16.48250988,10:56 AM,IVH,3/14/19,35,OP,0.21,10,0.288651316
1/2/19,2/28/22,3,M,95.5,13.9,15.18425957,12:59 PM,Choroid Plexus Carcinoma,4/24/20,22,OP,0.15,7,0.301574803
2/24/16,10/28/21,6,F,109,24.1,20.20922266,11:24 AM,Dandy-Walker syndrome,8/18/16,62,OP,0.21,10,0.332522303
10/18/15,10/26/21,6,M,121,37,25.17772847,12:21 PM,Citrobacter Meningitis,12/18/15,70,OP,0.21,10,0.357904085
8/10/15,3/7/22,7,F,111,18,14.55499665,1:51 PM,Unknown,8/17/15,78,OP,0.17,8,0.433358434
5/27/15,1/25/22,7,F,115.3,34.2,25.63026247,11:17 AM,Myelomeningocele,6/1/15,79,OP,0.17,8,0.321402484
12/29/14,11/20/21,7,M,115,26.3,19.81278971,8:43 AM,Meningocele,1/12/15,82,IP,0.40,19,0.332811276
7/22/14,1/23/22,8,M,109,23.1,19.3706657,3:13 PM,Myelomeningocele,7/22/14,90,OP,0.21,10,0.35043755
8/26/13,2/17/22,8,F,123.1,30.5,20.05253558,8:48 AM,IVH,10/7/13,100,OP,0.19,9,0.375
8/8/07,11/30/21,14,M,173.5,106.1,35.11575318,11:12 AM,Arachnoid Cyst,2/8/08,165,OP,0.23,11,0.416174298
8/14/06,2/18/22,16,M,155,53.3,22.10290591,11:12 AM,Ependymoma,7/6/07,175,IP,0.25,12,0.349744712
2/3/05,11/17/21,17,F,146,61.4,28.6977747,11:16 AM,Tuberculous Meningitis,6/13/07,173,OP,0.40,19,0.346543002
4/7/03,3/9/22,19,M,172.2,66.7,22.41016746,9:33 AM,Pilocytic Astrocytoma,4/30/21,10,OP,0.13,6,0.384729981
8/13/21,7/13/22,1,M,60.5,6.4,17.42026619,9:23 AM,Pfeiffer Syndrome,6/3/22,1,IP,1.13,54,0.607113655
12/24/13,7/14/23,10,M,125,40.1,25.56877425,7:43 PM,IVH,2/27/14,112,OP,0.024,1.146806982,0.447981366
9/27/16,7/18/23,7,M,129.5,45.1,26.79307546,10:24 AM,Macrocephaly panventricular hydrocephalus,2/2/17,77,OP,0.012,0.573403491,0.340111353
6/18/05,7/18/23,18,F,157,81.1,32.7798613,1:13 PM,IVH,7/18/05,216,OP,0.202,9.652292101,0.293293718
7/1/19,7/20/23,4,F,82,11.2,16.5949474,10:45 AM,Congenital hydrocephalus/ In-utero germinal matrix hemorrhage,8/7/20,35,OP,0.0017,0.081232161,0.361016949
5/2/14,7/20/23,9,F,138,28.8,15.06676023,10:13 AM,Congenital communicating hydrocephalus,9/8/14,106,OP,0.013,0.621187115,0.562730627
4/15/14,7/24/23,9,F,122,15.6,10.44216375,12:57 PM,ONTD,4/29/14,110,OP,0.037,1.767994098,0.330578512
5/6/05,7/24/23,18,M,179,93,28.9176135,8:49 AM,Aqueductal stenosis,1/11/06,210,OP,0.635,30.34260141,0.334698436
12/4/21,7/25/23,2,F,75.3,9.5,16.6924166,10:30 AM,ONTD (myelomeningocele),12/5/21,19,OP,0.023,1.099023358,0.346121057
9/28/15,7/25/23,8,M,122,26.7,17.87216487,9:06 AM,Myelomeningocele,10/5/15,93,OP,0.512,24.46521562,0.356626506
3/19/17,7/26/23,6,F,110,18.4,15.15018775,8:10 PM,ONTD,3/27/17,75,IP,0.121,5.781818536,0.306039106
12/14/11,7/27/23,12,F,135,39.7,21.70243839,4:14 PM,Myelomeningocele,12/16/11,139,OP,0.06,2.867017456,0.385099025
6/27/11,7/27/23,12,M,139,43.3,22.32769331,9:25 AM,SAH,7/10/23,0,IP,0.006,0.286701746,0.408309456
10/11/07,7/28/23,16,M,158,55.2,22.02979552,7:56 PM,Hydrocephalus in utero,4/2/08,183,IP,0.03,1.433508728,0.331753555
8/2/07,7/29/23,16,M,167.4,57.5,20.44289978,3:16 PM,Diffuse Anaplastic Astrocytoma,10/1/19,45,IP,0.002,0.095567249,0.409165979
11/13/07,7/31/23,16,F,153.5,39.7,16.78646732,4:46 PM,NF1,3/25/19,52,IP,0.009,0.430052618,0.352050114
11/4/08,8/1/23,15,F,165.3,51.1,18.6320549,11:01 AM,Dandy Walker malformation,12/4/08,175,OP,0.004,0.191134497,0.371678056
7/31/12,8/1/23,11,M,145,41.8,19.80732554,10:40 AM,Choroid plexus hyperplasia,9/29/14,106,OP,0.934,44.62990506,0.509420796
5/12/19,8/3/23,4,M,92,20.4,24.01264912,3:30 PM,obstructive hydrocephalus,6/12/19,49,IP,0.15,7.167543639,0.383271375
3/5/17,8/4/23,6,F,112,18.8,14.93163503,10:25 AM,Microdeletion in 1q41 chromosome,10/5/17,69,OP,0.23,10.99023358,0.389417989
6/15/10,8/5/23,13,F,146,50.6,23.64995765,9:37 AM,IVH,9/27/10,154,OP,0.207,9.891210222,0.342732327
12/19/14,8/5/23,9,F,147.5,61.3,28.07126578,8:55 AM,Intracranial bleed,1/27/15,102,OP,0.178,8.505485118,0.33160828
10/31/08,8/7/23,15,F,149,76.4,34.28517606,12:36 PM,ONTD,11/5/08,177,OP,0.166,7.932081627,0.373760331
8/31/21,8/7/23,2,F,84.4,12.1,16.92333842,9:55 AM,"Corpus callosal dysgenesis, absence of septum pellucidum",9/3/21,23,OP,0.29,13.85725104,0.346880131
12/16/16,8/7/23,7,F,123.5,28.9,18.87771781,9:02 AM,AVID,10/16/16,81,OP,0.014,0.66897074,0.423242468
12/16/16,8/7/23,7,F,123.5,28.9,18.87771781,9:02 AM,AVID,10/16/16,81,OP,0.021,1.003456109,0.423242468
2/20/23,8/8/23,0,M,173,93.7,31.19126201,9:27 AM,IVH,3/20/23,4,OP,0.52,24.84748462,0.347307692
8/11/08,8/9/23,14,F,159.5,65.4,25.61190815,4:10 PM,IVH,10/11/08,177,OP,0.119,5.686251287,0.349293686
6/16/13,8/10/23,10.1,F,128,26.6,16.17511062,4:30 PM,IVH,1/27/14,114,OP,0.143,6.833058269,0.410805105
4/27/15,8/12/23,8.3,F,120,19.9,13.76816768,10:35 AM,IVH,1/15/16,90,OP,0.511599512,24.44607883,0.327047653
1/12/20,8/12/23,3,M,96.1,14.4,15.53464306,8:25 AM,IVH,2/29/20,41,OP,0.055,2.628099334,0.341347826
3/20/12,8/14/23,11.4,M,146.1,67.6,31.55235839,8:10 AM,Hydrocephalus diagnosed in utero,5/3/12,135,OP,0.141,6.737491021,0.30853245
6/14/05,8/15/23,18.2,F,144,69.7,33.48831963,11:19 AM,ONTD,6/14/05,218,OP,0.034,1.624643225,0.390352021
9/23/07,8/15/23,15,M,162.5,64.5,24.3354032,9:33 AM,IVH,12/21/07,187,OP,0.115,5.49511679,0.340748146
7/7/18,8/17/23,5.1,M,94,11.8,13.30490758,5:43 PM,IVH,9/10/18,59,IP,0.315,15.05184164,0.330244563
9/20/20,8/17/23,2,F,90,19.6,24.10774642,8:45 AM,IVH,12/29/20,31,OP,0.069,3.297070074,0.569379285
1/23/03,8/17/23,20,M,171,65.5,22.31693977,8:17 AM,3rd ventricular mass (colloid cyst),12/1/20,32,OP,0.748,35.74215095,0.447727782
5/12/19,8/19/23,4.3,M,111,20.5,16.57652396,2:43 PM,obstructive hydrocephalus,6/16/19,50,IP,0.72,34.40420947,0.335938093
6/16/18,8/21/23,5.2,M,105,20.8,18.79621045,2:21 PM,Persistent psuedomeningocele,2/23/23,5,OP,0.022,1.051239734,0.307131783
2/15/07,8/21/23,16.5,M,168,69.6,24.56836403,4:22 PM,IVH,3/19/07,197,OP,0.268,12.8060113,0.374694656
7/8/12,8/22/23,11.1,M,152,53.1,22.89775517,9:22 AM,Congenital hydrocephalus,7/16/12,133,OP,0.254,12.13704056,0.311358314
5/12/15,8/25/23,8.3,F,138.8,38.3,19.80639354,8:03 AM,Adamantinomatous craniopharyngioma,2/2/23,6,IP,0.522,24.94305186,0.495384033
4/18/96,8/26/23,27.4,M,165,58.5,21.40787399,2:30 PM,Ventricles historically do dilate,4/20/96,328,OP,0.056,2.675882959,0.41164591